zcta,tract,zcta_pop_pct,poppt
02108,25025020101,69.86,2672
02108,25025020302,.58,22
02108,25025030300,27.71,1060
02108,25025070101,1.86,71
02109,25025030100,2.23,84
02109,25025030300,54.49,2055
02109,25025030400,2.76,104
02109,25025030500,40.28,1519
02109,25025070101,.24,9
02110,25025030300,86.32,1496
02110,25025070101,13.68,237
02111,25025070101,64.88,4790
02111,25025070200,35.12,2593
02113,25025030100,27.04,1870
02113,25025030200,23.69,1638
02113,25025030300,.59,41
02113,25025030400,33.94,2347
02113,25025030500,14.74,1019
02114,25025020101,12.68,1521
02114,25025020200,30.41,3649
02114,25025020301,16.86,2023
02114,25025020302,9.66,1159
02114,25025020303,28.34,3400
02114,25025030200,.23,27
02114,25025030300,1.83,220
02114,25025981501,0,0
02115,25025010104,.78,221
02115,25025010300,11.33,3221
02115,25025010403,10.25,2914
02115,25025010404,20.45,5817
02115,25025010405,19.42,5522
02115,25025010500,10.25,2914
02115,25025010701,2.74,778
02115,25025010802,7.04,2002
02115,25025070800,.35,100
02115,25025080801,4.37,1242
02115,25025080900,1.77,502
02115,25025081001,9.8,2787
02115,25025081100,1.48,420
02115,25025981501,0,0
02115,25025981800,0,1
02116,25025010500,.63,130
02116,25025010600,8.3,1712
02116,25025010701,8.24,1700
02116,25025010702,11.63,2400
02116,25025010801,13.49,2783
02116,25025010802,5.12,1057
02116,25025070101,2.88,594
02116,25025070200,12.73,2625
02116,25025070300,18.95,3909
02116,25025070402,3.21,662
02116,25025070600,3.34,690
02116,25025070700,11.45,2361
02116,25025981501,.02,5
02118,25025061200,0,0
02118,25025070402,4,1061
02118,25025070500,20.61,5460
02118,25025070600,5.85,1550
02118,25025070800,13.61,3606
02118,25025070900,12.56,3329
02118,25025071101,14.16,3753
02118,25025071201,11.82,3131
02118,25025080100,5.78,1532
02118,25025080401,2.63,697
02118,25025080500,5.8,1538
02118,25025080601,3.17,841
02119,25025080100,7.17,1818
02119,25025080300,6.98,1769
02119,25025080401,6.05,1534
02119,25025080601,1.81,459
02119,25025081300,18.78,4760
02119,25025081400,10.56,2677
02119,25025081500,8.42,2134
02119,25025081700,15.07,3820
02119,25025081800,11.43,2898
02119,25025081900,1.42,361
02119,25025090400,.16,40
02119,25025090600,9.05,2293
02119,25025120301,3.09,783
02120,25025080401,3.16,479
02120,25025080500,10.26,1558
02120,25025080601,19.57,2971
02120,25025080801,17.41,2643
02120,25025080900,23.09,3506
02120,25025081001,12.42,1885
02120,25025081100,11.94,1813
02120,25025081400,2.15,326
02121,25025081900,10.6,2754
02121,25025082000,10.84,2815
02121,25025082100,19.34,5025
02121,25025090100,17.6,4571
02121,25025090200,8.6,2233
02121,25025090300,12.24,3179
02121,25025090400,.61,159
02121,25025091800,3.32,863
02121,25025091900,12.24,3181
02121,25025092400,4.61,1198
02121,25025980300,0,0
02122,25025091001,.37,87
02122,25025091500,4.5,1057
02122,25025091600,13.37,3138
02122,25025091700,13.07,3069
02122,25025091800,.44,103
02122,25025092000,8.71,2045
02122,25025092101,27.48,6451
02122,25025092200,1.45,341
02122,25025100601,9.22,2164
02122,25025100603,8.11,1904
02122,25025100700,9.93,2331
02122,25025100800,1.09,256
02122,25025980101,2.27,533
02124,25025091900,1.42,679
02124,25025092000,6.07,2900
02124,25025092200,6.3,3008
02124,25025092300,6.05,2893
02124,25025092400,8.54,4079
02124,25025100100,11.53,5510
02124,25025100200,5.66,2703
02124,25025100300,6.82,3258
02124,25025100400,10.18,4865
02124,25025100500,12.53,5989
02124,25025100601,6.26,2990
02124,25025100700,4.17,1991
02124,25025100800,11.07,5290
02124,25025100900,3.3,1577
02124,25025981100,.11,51
02125,25025090300,0,0
02125,25025090400,10.39,3460
02125,25025090600,.17,55
02125,25025090700,12.8,4261
02125,25025090901,11.2,3730
02125,25025091001,7.97,2655
02125,25025091100,14.6,4861
02125,25025091200,9.71,3234
02125,25025091300,7.51,2499
02125,25025091400,8.23,2741
02125,25025091500,9.95,3313
02125,25025091800,7.47,2486
02126,25025100100,0,0
02126,25025100200,.33,84
02126,25025100300,.18,45
02126,25025100900,9.76,2495
02126,25025101001,21.44,5480
02126,25025101002,19.48,4979
02126,25025101101,12.34,3155
02126,25025101102,17.2,4396
02126,25025140400,18.71,4782
02126,25025981100,.57,146
02127,25025060101,10.11,3216
02127,25025060200,6.03,1916
02127,25025060301,9.67,3076
02127,25025060400,15.42,4904
02127,25025060501,11.23,3571
02127,25025060600,3.81,1212
02127,25025060700,5.95,1893
02127,25025060800,12.47,3964
02127,25025061000,9.74,3098
02127,25025061101,7.02,2232
02127,25025061200,8.5,2703
02127,25025090700,.04,14
02127,25025981201,0,0
02127,25025981202,0,0
02128,25025050101,12.63,5115
02128,25025050200,12.91,5231
02128,25025050300,5.56,2251
02128,25025050400,5.86,2372
02128,25025050500,4.58,1857
02128,25025050600,5.09,2063
02128,25025050700,11.12,4504
02128,25025050901,10.28,4165
02128,25025051000,10.09,4089
02128,25025051101,15.04,6093
02128,25025051200,5.87,2379
02128,25025981300,.96,389
02128,25025981600,0,0
02129,25025040100,13.19,2168
02129,25025040200,9.77,1606
02129,25025040300,23.61,3882
02129,25025040401,14.84,2439
02129,25025040600,14.87,2444
02129,25025040801,23.72,3900
02130,25025081100,5.25,1858
02130,25025081200,9.22,3265
02130,25025081400,0,0
02130,25025110103,9.48,3355
02130,25025110301,1.01,356
02130,25025110601,.6,213
02130,25025120103,4.26,1508
02130,25025120104,5.92,2095
02130,25025120105,6.9,2444
02130,25025120201,9.71,3439
02130,25025120301,11.33,4012
02130,25025120400,16.25,5751
02130,25025120500,6.58,2331
02130,25025120600,6.6,2335
02130,25025120700,5.69,2014
02130,25025980300,.95,338
02130,25025981000,.01,5
02130,25025981100,.02,6
02130,25025981800,.21,76
02131,25025110103,7.06,2105
02131,25025110201,6.88,2051
02131,25025110301,6.87,2049
02131,25025110401,11.96,3566
02131,25025110403,14.45,4309
02131,25025110501,10.87,3242
02131,25025110502,12.76,3806
02131,25025110607,16.71,4984
02131,25025140105,3.19,951
02131,25025140106,6.37,1901
02131,25025140400,2.11,630
02131,25025981000,.06,17
02131,25025981100,.72,215
02132,25025110501,.04,11
02132,25025110601,9.13,2360
02132,25025110607,.36,93
02132,25025130100,16.86,4361
02132,25025130200,17.42,4506
02132,25025130300,17.09,4419
02132,25025130402,17.93,4637
02132,25025130404,11.22,2901
02132,25025130406,9.95,2573
02134,25025000100,9.44,2029
02134,25025000601,2.72,585
02134,25025000602,6.85,1472
02134,25025000701,11.78,2533
02134,25025000703,10.71,2302
02134,25025000704,22.33,4801
02134,25025000802,33.76,7260
02134,25025000803,2.42,521
02134,25025981501,0,0
02135,25025000100,5.2,2225
02135,25025000201,9.01,3854
02135,25025000202,9.08,3885
02135,25025000301,6.4,2740
02135,25025000302,7.34,3142
02135,25025000401,13.26,5672
02135,25025000402,8.53,3648
02135,25025000502,7.05,3017
02135,25025000503,5.17,2211
02135,25025000504,11.65,4985
02135,25025000601,6.98,2986
02135,25025000602,5.85,2502
02135,25025000701,4.47,1913
02135,25025981501,0,0
02136,25025130406,8.89,2534
02136,25025140102,15.45,4401
02136,25025140105,9.56,2724
02136,25025140107,8.88,2531
02136,25025140201,7.27,2072
02136,25025140202,19.66,5600
02136,25025140300,22.4,6382
02136,25025140400,7.86,2238
02136,25025980700,.02,6
02149,25025160400,0,0
02150,25025160101,21.5,7551
02150,25025160200,11.51,4043
02150,25025160300,5.88,2065
02150,25025160400,7.73,2716
02150,25025160501,15.95,5604
02150,25025160502,12.7,4460
02150,25025160601,11.57,4063
02150,25025160602,13.16,4622
02151,25025160602,.1,53
02151,25025170100,14.59,7560
02151,25025170200,8.81,4564
02151,25025170300,17.45,9040
02151,25025170400,10.38,5379
02151,25025170501,6.63,3435
02151,25025170502,5.44,2818
02151,25025170601,9.85,5105
02151,25025170701,4.05,2099
02151,25025170702,12.79,6628
02151,25025170800,9.88,5118
02151,25025981502,.02,9
02152,25025180101,27.24,4766
02152,25025180200,23.48,4109
02152,25025180301,17.28,3024
02152,25025180400,9.8,1715
02152,25025180500,22.19,3883
02152,25025980101,0,0
02163,25025000803,100,2582
02163,25025981501,0,0
02199,25025010600,100,1146
02203,25025030300,0,0
02210,25025060600,54.78,1145
02210,25025061200,25.69,537
02210,25025070101,9.62,201
02210,25025981202,9.9,207
02215,25021400100,0,0
02215,25021400200,0,1
02215,25025000703,1.87,489
02215,25025000802,3.35,876
02215,25025000803,13.32,3481
02215,25025010103,17.49,4569
02215,25025010104,17.54,4583
02215,25025010203,21.32,5569
02215,25025010204,12.15,3173
02215,25025010300,6.28,1640
02215,25025010403,.34,89
02215,25025010405,0,0
02215,25025010408,5.46,1426
02215,25025081001,.83,218
02215,25025981501,.03,7
02215,25025981800,.02,4
02467,25025000502,14.61,3286
02467,25025110601,1.76,396
02467,25025130100,6.87,1545
19102,42101000300,5.06,238
19102,42101000402,2.44,115
19102,42101000700,13.65,642
19102,42101000804,48.23,2269
19102,42101001202,25.46,1198
19102,42101012500,5.16,243
19103,42101000300,13.38,2931
19103,42101000401,9.7,2125
19103,42101000402,13.82,3027
19103,42101000700,11.14,2440
19103,42101000801,7.13,1562
19103,42101000803,16.44,3601
19103,42101000804,6.12,1340
19103,42101001201,9.4,2059
19103,42101001202,8.34,1827
19103,42101012500,4.55,996
19104,42101007700,3.51,1816
19104,42101008701,8,4147
19104,42101008702,5.86,3036
19104,42101008801,1.91,988
19104,42101008802,13.48,6983
19104,42101009000,10.76,5576
19104,42101009100,5.41,2803
19104,42101009200,5.32,2755
19104,42101010500,3.69,1912
19104,42101010600,2.85,1476
19104,42101010700,6.88,3562
19104,42101010800,6.97,3611
19104,42101010900,4.46,2313
19104,42101011000,6.7,3470
19104,42101011100,.02,11
19104,42101036900,13.45,6966
19104,42101980000,.74,383
19106,42101000100,29.63,3478
19106,42101000200,1.81,212
19106,42101000500,9.13,1072
19106,42101000600,1.41,166
19106,42101000902,5,587
19106,42101001001,18.92,2221
19106,42101001002,21.88,2569
19106,42101001102,1.47,172
19106,42101036600,6.11,717
19106,42101036700,4.56,535
19106,42101037600,.09,11
19107,42101000200,18.32,2725
19107,42101000500,8.45,1257
19107,42101000600,10.86,1615
19107,42101000901,15.3,2276
19107,42101000902,14.7,2186
19107,42101001101,13.82,2056
19107,42101001102,10.37,1542
19107,42101037600,8.19,1218
19109,42101000600,0,0
19111,42101030501,2.01,1269
19111,42101030502,3.07,1939
19111,42101030600,11.28,7115
19111,42101030700,5.13,3235
19111,42101030800,7.73,4874
19111,42101030900,6.27,3954
19111,42101031000,10.61,6697
19111,42101031101,7.76,4898
19111,42101031102,1.54,970
19111,42101033500,3.93,2480
19111,42101033600,5.89,3715
19111,42101033702,.61,384
19111,42101033800,9.57,6040
19111,42101033900,4.63,2924
19111,42101034000,4.55,2872
19111,42101034100,8.84,5577
19111,42101034200,5.39,3399
19111,42101039000,1.19,748
19112,42101005000,100,13
19114,42101034600,7.28,2250
19114,42101034801,.89,276
19114,42101034802,17.38,5373
19114,42101034803,14.2,4390
19114,42101034900,0,0
19114,42101035100,13.22,4086
19114,42101035200,14.5,4482
19114,42101035301,17.15,5300
19114,42101035302,14.44,4462
19114,42101036201,.93,286
19114,42101036203,0,0
19114,42101980300,.01,2
19115,42101034400,23.07,7662
19115,42101034501,10.15,3370
19115,42101034502,15.92,5285
19115,42101035500,21.93,7282
19115,42101035601,16.38,5439
19115,42101035602,10.89,3617
19115,42101035701,1.25,414
19115,42101035702,0,0
19115,42101980200,.42,138
19116,42101035701,13.08,4331
19116,42101035702,13.3,4405
19116,42101035800,17.96,5948
19116,42101035900,16.03,5309
19116,42101036000,9.67,3201
19116,42101036400,.84,279
19116,42101036501,16.8,5562
19116,42101036502,12.31,4077
19116,42101980300,0,0
19118,42101023100,12.87,1262
19118,42101025700,35.31,3463
19118,42101038500,19.25,1888
19118,42101038600,7.6,745
19118,42101038700,23.94,2348
19118,42101038800,.16,16
19118,42101980100,.06,6
19119,42101023500,1.63,440
19119,42101023600,8.73,2361
19119,42101023700,16.89,4566
19119,42101025200,3.41,923
19119,42101025300,14.8,4002
19119,42101025400,14.5,3920
19119,42101025500,9.51,2571
19119,42101025600,9.78,2644
19119,42101038600,2.13,575
19119,42101038800,13.69,3702
19119,42101038900,4.92,1331
19120,42101027000,.08,53
19120,42101027100,1.73,1181
19120,42101027200,6.28,4278
19120,42101027300,8.91,6069
19120,42101027401,5.08,3457
19120,42101027402,9.98,6800
19120,42101027500,6.59,4489
19120,42101028200,.43,290
19120,42101028400,2.39,1626
19120,42101028500,3.49,2375
19120,42101028600,10.46,7124
19120,42101028700,1.66,1129
19120,42101028800,4.29,2921
19120,42101028901,5.4,3677
19120,42101028902,8.61,5866
19120,42101029000,9.03,6151
19120,42101029100,3.61,2460
19120,42101030501,5.82,3962
19120,42101030502,5.73,3900
19120,42101038300,.43,296
19121,42101013700,9.99,3654
19121,42101013800,5.07,1854
19121,42101013900,7.17,2624
19121,42101014000,6,2196
19121,42101014700,10.77,3939
19121,42101014800,2.15,785
19121,42101014900,10.85,3967
19121,42101015101,5.57,2038
19121,42101015102,11.67,4269
19121,42101015200,16.77,6133
19121,42101015300,13.57,4962
19121,42101016902,.41,151
19121,42101980000,0,0
19122,42101014100,4.39,951
19122,42101014400,13.42,2905
19122,42101014500,11.38,2464
19122,42101014600,19.81,4289
19122,42101015600,8.04,1741
19122,42101015700,11.45,2479
19122,42101016100,.48,105
19122,42101016200,5.01,1084
19122,42101016600,0,0
19122,42101037700,26.02,5635
19123,42101013100,11.4,1529
19123,42101013200,21.72,2914
19123,42101014100,8.52,1143
19123,42101014200,26.61,3570
19123,42101014400,.67,90
19123,42101036600,3.03,406
19123,42101036700,14.96,2007
19123,42101037600,13.1,1757
19124,42101018300,0,0
19124,42101019000,10.98,7325
19124,42101019100,11.78,7855
19124,42101028901,.27,180
19124,42101028902,.67,449
19124,42101029100,3.34,2225
19124,42101029200,6.12,4080
19124,42101029300,4.33,2891
19124,42101029400,4.71,3141
19124,42101029800,7.07,4715
19124,42101029900,7.05,4700
19124,42101030000,11.21,7478
19124,42101030100,8.8,5869
19124,42101030200,11.01,7345
19124,42101031800,.49,330
19124,42101038000,1.6,1068
19124,42101038200,1.54,1025
19124,42101038300,.08,56
19124,42101039000,8.94,5959
19125,42101014300,6.27,1439
19125,42101014400,.48,110
19125,42101015700,.71,162
19125,42101015800,24.76,5684
19125,42101016000,30.5,7002
19125,42101016100,23.89,5484
19125,42101016300,3.82,876
19125,42101017601,.71,162
19125,42101017702,.23,52
19125,42101017800,.01,2
19125,42101017900,0,0
19125,42101018001,.61,141
19125,42101037800,8.03,1844
19126,42101026600,10.86,1711
19126,42101026700,30.54,4812
19126,42101026800,26.33,4149
19126,42101026900,13.95,2199
19126,42101027000,10.25,1615
19126,42101027100,8.07,1272
19127,42101020900,5.04,298
19127,42101021000,24.59,1454
19127,42101021400,38.63,2284
19127,42101021500,31.74,1877
19127,42101021600,0,0
19128,42101020900,7.41,2612
19128,42101021000,9.83,3463
19128,42101021100,6.6,2327
19128,42101021200,6.37,2245
19128,42101021300,10.08,3551
19128,42101021400,4.53,1596
19128,42101021500,5.62,1980
19128,42101021600,5.18,1826
19128,42101021700,16.38,5772
19128,42101021800,12.09,4259
19128,42101021900,4.06,1432
19128,42101022000,4.77,1681
19128,42101038400,6.92,2437
19128,42101980100,.16,58
19129,42101017000,16.57,1819
19129,42101017100,13.74,1508
19129,42101020500,1.44,158
19129,42101020600,9.9,1087
19129,42101020700,53.22,5841
19129,42101020800,5.06,555
19129,42101980100,.06,7
19130,42101012500,15.97,3971
19130,42101013300,11.48,2854
19130,42101013401,9.2,2288
19130,42101013402,11.75,2922
19130,42101013500,12.96,3222
19130,42101013601,10.76,2677
19130,42101013602,14.09,3503
19130,42101013700,4.66,1159
19130,42101013800,.83,207
19130,42101013900,4.58,1140
19130,42101014000,3.27,814
19130,42101980000,.45,113
19131,42101009400,.2,86
19131,42101009500,1.38,596
19131,42101010200,5.54,2391
19131,42101010300,2.36,1019
19131,42101010400,1.48,641
19131,42101010500,.91,393
19131,42101011100,8.57,3701
19131,42101011200,12.73,5494
19131,42101011300,6.76,2917
19131,42101011400,.04,17
19131,42101011700,4.47,1931
19131,42101011800,13.02,5621
19131,42101011900,12.03,5195
19131,42101012000,4.51,1947
19131,42101012100,5.9,2547
19131,42101012201,6.74,2911
19131,42101012203,2.59,1120
19131,42101012204,8.26,3564
19131,42101037500,2.26,976
19131,42101980000,.24,105
19132,42101015200,0,0
19132,42101016600,2.51,910
19132,42101016701,8.42,3055
19132,42101016702,8,2903
19132,42101016800,10.85,3935
19132,42101016901,9.56,3466
19132,42101016902,14.81,5373
19132,42101017000,3.13,1134
19132,42101017100,7,2539
19132,42101017201,8.81,3194
19132,42101017202,11.18,4056
19132,42101017300,8.55,3101
19132,42101017400,1.44,523
19132,42101020000,.89,322
19132,42101020101,4.84,1757
19132,42101020200,0,0
19132,42101980000,0,0
19133,42101016100,0,1
19133,42101016200,4.38,1141
19133,42101016300,9.1,2372
19133,42101016400,17.51,4564
19133,42101016500,10.58,2758
19133,42101016600,3.37,878
19133,42101017400,7.27,1896
19133,42101017500,22.49,5862
19133,42101017601,17.44,4546
19133,42101017602,6.04,1573
19133,42101019501,.3,79
19133,42101019900,0,1
19133,42101020000,1.5,392
19134,42101017601,1.41,854
19134,42101017602,3.86,2341
19134,42101017701,6.11,3705
19134,42101017702,8.28,5024
19134,42101017800,11.05,6702
19134,42101017900,10.4,6313
19134,42101018001,4.03,2445
19134,42101018002,8.98,5451
19134,42101018800,13.72,8322
19134,42101019000,.36,218
19134,42101019100,.14,82
19134,42101019200,13.14,7972
19134,42101019501,2.6,1577
19134,42101019502,2.61,1584
19134,42101037800,.87,526
19134,42101037900,8.51,5161
19134,42101038200,2.65,1606
19134,42101038300,1.31,792
19135,42101031600,.14,46
19135,42101031700,.64,212
19135,42101031900,15.02,4971
19135,42101032000,19.94,6599
19135,42101032100,11.79,3903
19135,42101032300,11.59,3835
19135,42101032500,17.42,5766
19135,42101032600,20.98,6942
19135,42101033000,1.37,454
19135,42101038100,1.1,363
19136,42101032900,10.06,4089
19136,42101033000,17.69,7191
19136,42101033101,12.09,4913
19136,42101033102,10.2,4145
19136,42101033200,.84,342
19136,42101034702,6.41,2604
19136,42101034801,9.9,4023
19136,42101034900,13.64,5543
19136,42101038100,0,0
19136,42101980200,.08,32
19136,42101989100,19.1,7765
19137,42101018300,49.93,4313
19137,42101018400,26.16,2260
19137,42101037800,1.55,134
19137,42101037900,1.78,154
19137,42101038000,15.13,1307
19137,42101038100,5.44,470
19137,42101038200,0,0
19138,42101024700,3.94,1271
19138,42101024800,3.5,1131
19138,42101024900,10.26,3311
19138,42101025200,1.24,400
19138,42101026302,9.95,3210
19138,42101026400,13.49,4355
19138,42101026500,13.45,4340
19138,42101026600,15.36,4956
19138,42101026700,5.43,1753
19138,42101027700,6.63,2141
19138,42101027901,7.34,2368
19138,42101027902,4.2,1357
19138,42101038900,5.21,1680
19139,42101008301,6.62,2731
19139,42101008302,4.9,2024
19139,42101008400,9.8,4044
19139,42101008500,13.22,5456
19139,42101008601,4.38,1809
19139,42101008602,7.29,3010
19139,42101009200,.31,129
19139,42101009300,10.23,4221
19139,42101009400,9.06,3741
19139,42101009500,5.7,2352
19139,42101009600,10.27,4238
19139,42101010000,2.81,1158
19139,42101010200,1.93,796
19139,42101010300,3.46,1430
19139,42101010400,6.52,2691
19139,42101010500,3.49,1441
19140,42101017100,0,0
19140,42101017300,.12,64
19140,42101017500,2.13,1154
19140,42101019501,6.04,3271
19140,42101019502,3.86,2091
19140,42101019700,12.93,7001
19140,42101019800,11.44,6195
19140,42101019900,8.16,4418
19140,42101020000,1.02,551
19140,42101020101,3.31,1790
19140,42101020102,6.19,3353
19140,42101020200,9.59,5189
19140,42101020300,5.12,2769
19140,42101020400,5.62,3042
19140,42101020500,4.82,2608
19140,42101028000,4.47,2422
19140,42101028100,0,0
19140,42101028300,3.11,1685
19140,42101028400,1.49,806
19140,42101028700,2.55,1378
19140,42101028800,2.45,1324
19140,42101029000,.02,9
19140,42101038300,5.57,3013
19140,42101980500,0,0
19141,42101026800,1.59,498
19141,42101027000,2.1,658
19141,42101027600,11.47,3600
19141,42101027700,8.44,2647
19141,42101027800,14.28,4481
19141,42101027901,4.65,1459
19141,42101027902,6.87,2154
19141,42101028000,4.91,1540
19141,42101028100,11.44,3589
19141,42101028200,14.69,4609
19141,42101028300,14.3,4488
19141,42101028400,5.27,1653
19142,42101005500,0,0
19142,42101006000,7.68,2272
19142,42101006100,10.55,3123
19142,42101006200,15.29,4524
19142,42101006300,14.31,4236
19142,42101006400,15.11,4472
19142,42101006500,2.91,861
19142,42101006600,10.04,2970
19142,42101006700,24.12,7137
19143,42101006500,5.59,3625
19143,42101006600,1.2,780
19143,42101006700,.52,335
19143,42101006900,3.92,2539
19143,42101007000,6.15,3990
19143,42101007101,3.94,2557
19143,42101007102,7.59,4924
19143,42101007200,7.36,4773
19143,42101007300,4.76,3088
19143,42101007400,6.69,4338
19143,42101007700,.87,564
19143,42101007800,6.44,4177
19143,42101007900,7.02,4553
19143,42101008000,6.09,3951
19143,42101008101,4.25,2758
19143,42101008102,7.75,5028
19143,42101008200,10.48,6797
19143,42101008301,2.08,1350
19143,42101008302,3.52,2283
19143,42101008400,.68,444
19143,42101008500,1.32,857
19143,42101008601,1.75,1138
19143,42101980900,0,0
19144,42101020400,.02,8
19144,42101020500,.12,53
19144,42101020600,1.69,732
19144,42101020800,3.27,1416
19144,42101023500,1.66,721
19144,42101023600,.6,258
19144,42101023800,10.13,4391
19144,42101023900,4.1,1777
19144,42101024000,8.82,3822
19144,42101024100,3.31,1433
19144,42101024200,9.78,4236
19144,42101024300,9.03,3913
19144,42101024400,7.22,3129
19144,42101024500,9.31,4035
19144,42101024600,6.82,2956
19144,42101024700,7.27,3152
19144,42101024800,1.75,758
19144,42101025200,13.37,5795
19144,42101027902,.84,362
19144,42101028000,.72,310
19144,42101038900,.16,69
19144,42101980100,.01,3
19145,42101003001,9.87,4664
19145,42101003100,4.99,2356
19145,42101003200,4.28,2025
19145,42101003300,2.2,1040
19145,42101003600,14.23,6723
19145,42101003701,13.98,6609
19145,42101003702,7.84,3707
19145,42101003800,8.25,3898
19145,42101003901,12.83,6062
19145,42101003902,11.65,5507
19145,42101037300,9.88,4668
19145,42101980600,0,0
19145,42101980900,0,2
19146,42101001201,4.9,1719
19146,42101001202,6.01,2112
19146,42101001300,14.07,4942
19146,42101001400,11.25,3950
19146,42101001900,7.75,2721
19146,42101002000,5.96,2092
19146,42101002100,5.8,2036
19146,42101002200,6.5,2281
19146,42101003002,9.11,3200
19146,42101003100,5.93,2081
19146,42101003200,8.12,2850
19146,42101003300,14.59,5122
19146,42101036900,0,0
19146,42101980900,.02,7
19147,42101001001,1.05,382
19147,42101001002,2.88,1043
19147,42101001101,4.22,1530
19147,42101001102,2.61,945
19147,42101001500,7.47,2708
19147,42101001600,6.05,2192
19147,42101001700,7.31,2647
19147,42101001800,7.93,2873
19147,42101002300,7.4,2682
19147,42101002400,14.16,5129
19147,42101002500,10.4,3769
19147,42101002701,4.82,1748
19147,42101002702,4.43,1605
19147,42101002801,5.81,2105
19147,42101002802,5.61,2033
19147,42101002900,6.4,2317
19147,42101036600,1.44,520
19147,42101980700,0,0
19148,42101002701,4.27,2126
19148,42101002702,3.94,1961
19148,42101002801,4.46,2219
19148,42101002802,7.05,3506
19148,42101002900,3.67,1824
19148,42101004001,8.56,4259
19148,42101004002,10.05,4998
19148,42101004101,12.55,6243
19148,42101004102,15.78,7848
19148,42101004201,10.27,5105
19148,42101004202,9.9,4925
19148,42101037200,8.53,4244
19148,42101037300,.94,469
19148,42101980600,0,0
19148,42101980700,.01,5
19149,42101030900,.07,37
19149,42101031000,.11,58
19149,42101031101,0,0
19149,42101031102,6.35,3495
19149,42101031200,8.5,4673
19149,42101031300,12.63,6945
19149,42101031401,12.12,6664
19149,42101031402,10.17,5595
19149,42101031501,11.3,6217
19149,42101031502,7.3,4018
19149,42101031600,10.91,5999
19149,42101031700,10.69,5881
19149,42101031800,6.7,3687
19149,42101033101,0,0
19149,42101033200,.53,290
19149,42101033400,0,0
19149,42101033500,0,0
19149,42101039000,2.63,1447
19150,42101025600,.42,98
19150,42101025800,7.19,1681
19150,42101025900,20.34,4755
19150,42101026000,11.93,2788
19150,42101026100,12.81,2995
19150,42101026200,17.39,4065
19150,42101026301,16.43,3840
19150,42101026302,9.71,2270
19150,42101026400,3.79,886
19151,42101009500,1.22,365
19151,42101009801,7.31,2184
19151,42101009802,18.32,5475
19151,42101010000,10.74,3208
19151,42101010100,18.27,5459
19151,42101011400,20.44,6109
19151,42101011500,14.33,4282
19151,42101037500,9.35,2795
19151,42101980800,.02,6
19152,42101033200,6.33,2109
19152,42101033300,12.75,4244
19152,42101033400,14.22,4734
19152,42101033500,3.6,1200
19152,42101033600,9.46,3151
19152,42101033701,15.4,5128
19152,42101033702,14.39,4791
19152,42101034701,19.22,6399
19152,42101034702,3.61,1203
19152,42101980200,1,334
19153,42101005400,10.72,1314
19153,42101005500,45.97,5635
19153,42101005600,9.06,1111
19153,42101006000,34.08,4178
19153,42101980400,0,0
19153,42101980900,.17,21
19154,42101036100,11.94,4083
19154,42101036201,13.04,4458
19154,42101036202,17.95,6138
19154,42101036203,15,5129
19154,42101036301,10.81,3695
19154,42101036302,10.36,3543
19154,42101036303,19.67,6726
19154,42101036400,1.24,424
19154,42101980300,0,0
